row;referenced_author;referenced_author_id;referenced_work_id;referenced_source_id
0;Chrysostom, St. John;30016;40000;60001
1;De Caen, Roger;30017;40007;60003
2;Dobson, E. J. (Editor);30020;40008;0
3;Coulton, G. G. (Editor);30021;40009;60004
4;De Nostredame, Jehan;30003;40010;0
5;Epton, Nina;30000;40021;0
6;La Curne de Sainte-Palaye, Jean Baptiste;30032;40022;0
7;Plutarch;30033;40023;0
8;Ovid;30005;40024;0
9;Langhorne, John;30004;40025;0
10;Balaguer, Victor;30002;40026;0
11;Humphries, Rolfe;30034;40027;0
12;Greer, Germaine;30006;40028;0
13;Steinberg, Leo;30008;40029;60005
14;Schiff, Gert;30009;40030;60006
15;Chipp, Herschel B.;30010;40031;0
16;Kozloff, Max;30011;40032;60008
17;Beauvoir, Simone de;30007;40033;0
18;Ortner, Sherry;30012;40034;60009
19;Michelet, Jules;30013;40035;0
20;Palmer, J. W. ;30035;40036;0
21;Freeman, Alexa;30036;40037;60010
22;MacMillan, Jackie;30037;40037;0
23;Cockcroft, Eva;30038;40038;60014
24;Brooke;30039;40039;60012
25;Mainardi, Patricia;30040;40040;60013
26;Weatherford, Elizabeth;30041;40041;60016
27;Johnson, Kathryn C. ;30042;40042;0
28;Dworkin, Andrea;30043;40043;0
29;Women's Week Planning Comittee;30044;40044;0
30;no name;30045;40045;0
31;no name;30046;40046;0
32;Bunch, Charlotte ;30082;40082;0
33;Myron, Nancy (Editor);30083;40082;0
34;Russell, Michelle;30047;40047;60018
35;Celender, Don (Editor);30048;40048;0
36;Schneemann, Carolee;30049;40049;60019
37;Rowbotham, Sheila;30050;40050;0
38;Mitchell, Juliet;30051;40051;60020
39;Schneir, Miriam (Editor);30052;40052;0
40;Guettel, Charnie;30053;40053;
41;Braderman, Joan;30054;40054;60021
42;Smith, Sharon;30055;40055;
43;Sitney, P. Adams (Editor);30056;40056;
44;Halprin, Anna;30058;40058;60022
45;Deak, Frantisek;30059;40059;60023
46;Deak, Norma Jean;30060;40059;
47;Halprin, Anna;30058;40060;60024
48;Thompson, Clara M.;30061;40062;
49;Paz, Suni;30066;40066;
50;Mead, Margaret;30084;40083;60025
51;Cramer, Phebe;30085;40084;60026
52;Henley, Nancy;30086;40085;0
53;Davis, Martha;30087;40086;0
54;Turnbull, Colin;30088;40087;0
55;Hall, Edward T.;30089;40088;0
56;Draper, Patricia;30090;40089;60027
57;Kohl, J. G.;30091;40090;0
58;Mariott, Alice;30092;40091;60028
59;Kenyatta, Jomo;30093;40092;0
60;Brown, Judith K.;30094;40093;60027
61;Bourdieu, Pierre;30095;40094;60029
62;Cole, Doris;30096;40095;0
63;Torre, Susana;30097;40096;0
64;De Beauvoir, Simone;30007;40033;0
65;Abensour, Leon;30098;40097;0
66;Zetkin, Clara;30099;40098;0
67;Rowbotham, Sheila;30050;40099;0
68;Stern, Daniel;30100;40100;0
69;Stern, Daniel;30100;40101;0
70;no name;30125;40118;0
71;Thomas, Edith;30126;40119;0
72;Delteil, Loys;30127;40120;0
73;no name;30128;40121;0
74;no name;30129;40122;0
75;Thomas, Edith;30126;40123;0
76;Delteil, Loys;30127;40124;0
77;Delteil, Loys;30127;40125;0
78;Delteil, Loys;30127;40126;0
79;Wittig, Monique;30130;40127;0
80;Owen, Peter;30131;40128;0
81;Redstockings;30132;40129;0
82;Pyziur, Eugene;30133;40130;0
83;Goldman, Emma;30134;40131;0
84;Goldman, Emma;30134;40132;60035
85;Looker, Robert;30135;40133;0
86;Nettl, Peter;30136;40134;0
87;Honeycutt, Karen;30137;40135;60036
88;Balabanoff, Angelica;30138;40136;0
89;Kollontai, Aleksandra;30139;40137;0
90;Beneria, Lourdes;30140;40138;60037
91;Kaplan, Temma;30141;40139;60038
92;Fredricks, Shirley F.;30142;40140;0
93;McNeil, Margaret;30143;40141;60039
94;Rosaldo, Michelle Zimbalist;30144;40142;0
95;Moberg, David;30145;40143;0
96;Franks, Lucinda;30146;40144;60040
97;no name;30147;40145;0
98;McKeown, Ciaran;30148;40146;0
99;Sacks, Harvey;30149;40147;60041
100;Schegloff, Emmanuel A.;30150;40147;60041
101;Jefferson, Gail;30151;40147;60041
102;Sacks, Harvey;30149;40148;60042
103;Sullivan, Louis;30152;40149;60043
104;Weisman, Winston;30153;40150;60044
105;Agrest, Diana;30154;40151;60045
106;Lindquist-Cock, Elizabeth;30155;40152;60046
107;Jussim, Estelle;30156;40152;60046
108;Newman, Donna Joy;30157;40153;60047
109;Zukowsky, John;30158;40154;0
110;Bennett, Arnold;30159;40155;60048
111;no name;30160;40156;60049
112;Cherry, Mike;30161;40157;0
113;James, Theodore, Jr.;30162;40158;0
114;Bragdon, Claude;30163;40159;60050
115;Le Corbusier;30164;40160;60051
116;Scully, Vincent;30165;40161;0
117;Clark, William C.;30166;40162;0
118;Kingston, J. L.;30167;40162;0
119;Zoll, Stephen;30168;40163;60052
120;Zwarun, Suzanne;30169;40164;60053
121;Pawley, Martin;30170;40165;0
123;Guthrie, Woody;30171;40167;0
124;Sletteland, Greggar;30172;40168;0
125;Brugmann, Bruce;30173;40168;0
126;Quinn, Susan;30174;40169;60055
127;no name;30175;40170;60056
128;Superstudio;30176;40171;60057
129;Ballard, J. G.;30177;40172;60058
130;Weisstein, Naomi;30178;40173;60059
131;Sanborn, Kate;30179;40174;0
132;Bruere, Martha Bensley;30180;40175;0
133;Hollowood, Bernard;30181;40176;0
134;Cowan, Lore;30182;40177;0
135;Cowan, Maurice;30183;40177;0
136;Goldstein, Jeffrey H.;30184;40178;60060
137;McGhee, Paul E.;30185;40178;60060
138;Klapp, O. E.;30186;40179;0
139;Quindlan, Anna;30187;40180;60061
140;Freud, Anna;30188;40181;0
141;Lippard, Lucy R.;30189;40182;0
142;Bourgeois, Louise;30190;40183;0
143;Rich, Adrienne;30191;40184;60062
144;The Catalogue Comittee of Artists Meeting for Cultural Change;30192;40185;0
145;no name;11232;40186;60063
146;Brown, Rita Mae;30193;40187;60064
147;Small, Margaret;30194;40188;60065
148;Weil, Simone;30195;40189;0
149;Arendt, Hannah;30196;40190;0
150;Kelly-Gadol, Joan;30197;40191;60066
151;Weil, Simone;30195;40192;0
152;H. D.;30198;40193;0
153;Woolf, Virginia;30199;40194;0
154;no name;30200;40195;0
155;Woolf, Virginia;30199;40196;0
156;Weil, Simone;30195;40197;0
157;Boserup, E.;30201;40198;0
158;Claiborne, C.;30202;40199;60067
159;Foster, G.;30203;40200;0
160;Friedlander, Judith;30204;40201;0
161;Martinez-Marin, C.;30205;40202;0
162;Schneider, D.;30206;40203;0
163;Soustelle, J.;30207;40204;0
164;Firestone, Shulamith;30208;40205;0
165;Sand, George;30209;40206;0
166;Akerman, Chantal;30210;40207;60068
167;Stefan, Verena;30211;40208;0
168;Lippard, Lucy R.;30189;40209;60069
169;Grafe, Frieda;30212;40210;60070
170;Plath, Sylvia;30213;40211;0
171;Woolf, Virginia;30199;40212;60071
172;Richardson, Dorothy;30214;40213;0
173;Murstein, Bernard;30215;40214;0
174;O'Faolain, Julia (Editor);30018;40001;0
175;Martines, Lauro (Editor);30019;40001;0
176;Taylor, Henry Osborn;30216;40215;60072
177;Baring-Gould, Sabine;30217;40216;0
178;Attwater, Donald;30218;40217;0
179;Ellis, Havelock;30219;40218;60073
180;Wright, F. A. (Translator);30220;40219;0
181;Sontag, Susan;30221;40220;60074
182;no name;30222;40221;0
183;no name;30223;40222;60075
184;Chaucer, Geoffrey;30224;40223;0
185;Boccaccio, Giovanni;30225;40224;0
186;Tolstoy, Leo;30226;40225;0
187;Bridges, Gwendolyn;30227;40226;0
188;Utter, Robert;30228;40226;0
189;Bloch, Iwan;30229;40227;0
190;no name;30230;40228;60076
191;Ruskin, John;30231;40229;60077
192;De Stael, Germaine;30232;40230;60078
193;Benjamin, Walter;30233;40231;0
194;Morris, Ivan;30234;40232;0
195;Shonagon, Sei;30235;40233;0
196;Shikibu, Murasaki;30236;40234;0
197;Keene, Donald;30237;40235;60079
198;Tyler, Parker;30238;40236;60080
199;Hall, J. W.;30239;40237;0
200;Keene, Donald;30237;40238;0
201;Sansom, G. B.;30240;40239;0
202;Cambria, Adele;30269;40262;0
203;Gramsci, Antonio;30270;40263;0
204;Hoare, Quintin (Editor);30271;40264;0
205;Nowell, Geoffrey (Editor);30272;40264;0
206;Gramsci, Antonio;30270;40265;0
207;Gramsci, Antonio;30270;40266;0
208;Eco, Umberto;30273;40267;0
209;Heath, Stephen;30274;40268;60095
210;Kollontai, Aleksandra;30139;40269;0
211;Kollontai, Aleksandra;30139;40270;0
212;Eco, Umberto;30273;40271;0
213;Bettetini, Gianfranco;30275;40272;0
214;Maraini, Dacia;30276;40273;60096
215;Hjelmslev, Louis;30277;40274;0
216;Bovenschen, Silvia;30252;40251;60085
217;Gayle, Rubin;30278;40275;60027
218;Anderson, Johannes C.;30290;40296;0
219;Averkieva, Julia;30291;40297;60108
220;Benedict, Ruth;30292;40298;0
221;Bird, J.;30293;40299;60109
222;Bird, J.;30293;40300;0
223;Bellinger, L.;30294;40300;0
224;Boas, Franz;30295;40301;0
225;Chaplin, D.;30296;40302;0
226;Cowan, James;30297;40303;0
227;Cowan, James;30297;40304;0
228;Denney, G.;30298;40305;0
229;Osborne, C.;30299;40305;0
230;Burnham, Jack;30300;40306;0
231;Dockstadter, Frederick J.;30301;40307;60110
232;Drucker, Philip;30302;40308;0
233;Fiske, P. L. (Editor);30303;40309;0
234;Fraser, Douglas;30304;40310;0
235;Gayton, A. H.;30305;40311;60111
236;Goldwater, Robert;30306;40312;0
237;Harris, Ann Sutherland;30307;40313;0
238;Nochlin, Linda;30308;40313;0
239;Heuer, Berys;30309;40314;0
240;James, George Wharton;30310;40315;0
241;Kahlenberg, Mary;30311;40316;0
242;Berlant, Anthony;30312;40316;0
243;Kellogg, Mrs. Charlotte;30313;40317;0
244;King, M. E.;30314;40318;0
245;Mead, C.;30315;40319;0
246;Murra, J.;30316;40320;60112
247;Palliser, Mrs. Fanny;30317;40321;0
248;Paz, Octavio;30318;40322;0
249;Phillips, W. J.;30319;40323;0
250;Reichard, Gladys;30320;40324;0
251;Reichard, Gladys;30320;40325;0
252;Schneider, Peggy;30321;40326;0
253;Stafford, C. E.;30322;40327;0
254;Vreeland, J.;30323;40328;0
255;Warble, Patricia;30324;40329;0
256;Wingert, Paul S.;30325;40330;0
257;Bell, Q.;30326;40331;0
258;National Collection of Fine Arts;30327;40332;0
259;Cohen, A. A.;30328;40333;0
260;Kavanaugh, Mary Oldham Eagle (Editor);30329;40334;0
261;Osgood, Mrs. Frances S.;30330;40335;0
262;Hale, Mrs. Sarah Josepha;30331;40336;0
263;Hawthorne, Nathaniel;30332;40337;0
264;Dumont, Henrietta;30333;40338;0
265;Gerdts, William H.;30334;40339;0
266;Burke, Russell;30335;40339;0
267;Osgood, Mrs. Frances S.;30330;40340;0
268;Oakley, C. A.;30336;40341;0
269;Howarth, T.;30337;40342;0
270;Barnes, H. Jefferson;30338;40343;0
271;no name;30339;40344;0
272;no name;30340;40345;0
273;no name;30341;40346;0
274;no name;30342;40347;0
275;Schmultzer, R.;30343;40348;0
276;Robineau, Samuel E.;30344;40349;60114
277;Doat, Taxile;30345;40350;0
278;Curran, Grace Wickham;30346;40351;60115
279;Evans, Paul;30347;40352;0
280;Robineau, Adelaide Alsop;30348;40353;60116
281;no name;30349;40354;0
282;Robineau, Adelaide Alsop;30348;40355;0
283;Wingler, Hans M.;30350;40356;0
284;Bayer, Herbert;30351;40357;0
285;Gropius, Ise;30352;40357;0
286;Gropius, Walter;30353;40357;0
287;Baro, Gene;30354;40358;0
288;Albers, Anni;30355;40359;0
289;Neumann, Eckhard;30356;40360;0
290;no name;30357;40361;0
291;no name;30358;40362;60117
292;Broude, Norma;30359;40363;60118
293;Friedlander, Walter;30360;40364;0
294;Freedberg, Sydney J.;30361;40365;0
295;Griffith, Ruby Mae;30362;40366;0
296;Griffith, Frank B.;30363;40366;0
297;Aldrich, Dot;30364;40367;0
298;Williams, Hazel Pearson;30365;40368;0
299;Hammond, Harmony;30366;40369;60062
300;Hammond, Harmony;30366;40370;60119
301;Metzger, Deena;30367;40371;60120
302;Hiler, Hilaire;30368;40372;0
303;Evans, Paul;30347;40373;0
304;Sutherland, Anne;30370;40374;0
305;Barton, Lucy;30371;40375;0
306;Earle, Alice Morse;30372;40376;0
307;Caplan, L.;30373;40377;0
308;Aziz, Barbara Nimri;30374;40378;0
309;Jones, R.;30375;40379;0
310;Jones, S. K.;30376;40379;0
311;Barrow, Terry;30377;40380;0
312;Buhler, Alfred;30378;40381;0
313;Mountford, Charles;30379;40381;0
314;Barrow, Terry;30377;40381;0
315;Carpenter, Edmund;30380;40382;0
316;Bascom, William;30381;40383;60121
317;Fraser, Douglas;30304;40384;0
318;Whiteford, Andrew H.;30382;40385;60110
319;Cox, Halley;30383;40386;0
320;Davenport, William;30384;40386;0
321;Linton, Ralph;30385;40387;60122
322;Walker, Roslyn A.;30386;40388;0
323;Bascom, William;30381;40389;60123
324;Rattray, Robert S.;30387;40390;0
325;Sieber, Roy;30388;40391;0
326;Messenger, John C.;30389;40392;60121
327;Lewis, Philip H.;30390;40393;0
328;Gerbrands, Adrian A.;30391;40394;0
329;Thompson, Robert;30392;40395;60123
330;Graburn, Nelson H.;30393;40396;60124
331;Muensterberger, Walter;30394;40397;60125
332;Handy, E. S. Craighill;30395;40398;60126
333;Douglas, Mary;30396;40399;0
334;Meek, C. K.;30397;40400;0
335;Kubler, George;30398;40401;0
336;McCarthy, Frederick D.;30399;40402;60127
337;Vequaud, Yves;30400;40403;0
338;Stendhal, Renate;30401;40404;60128
339;Betaille, Andre;30402;40405;0
340;Madan, T. N.;30403;40405;0
341;Cormack, Margaret;30404;40406;0
342;Das, Frieda Hauswirth;30405;40407;0
343;Mandelbaum, D. G.;30406;40408;0
344;Masani, Mehra;30407;40409;60129
345;Mies, Maria;30408;40410;60130
346;Minturn, L.;30409;40411;0
347;Hitchcock, J.;30410;40411;0
348;Mody, Susan;30411;40412;60130
349;Mhatre, Sharayu;30412;40412;60130
350;Omvedt, Gail;30413;40413;60130
351;U. N. Department of Economic and Social Affairs;30414;40414;0
352;Irwin, John;30415;40415;0
353;Anand, Mulk Raj;30416;40416;60131
354;Orchard, William C.;30417;40417;0
355;Grinnell, George Bird;30418;40418;0
356;Lyford, Carrie H.;30419;40419;0
357;Harkeson, Georgiana Brown;30420;40420;0
358;Sandoz, Mari;30421;40421;0
359;Powell, Peter J.;30422;40422;60132
360;Spooner, Brian;30423;40423;60133
361;MacGaffey, Janet;30424;40424;60134
362;Textor, Robert B.;30425;40425;0
363;Murdock, George P.;30426;40426;60135
364;Provost, Caterina;30427;40426;60135
365;Swantz, Marja-Liisa;30428;40427;0
366;Talbot, P. Amaury;30429;40428;0
367;Cole, Herbert M.;30430;40429;60136
368;Cole, Herbert M.;30430;40430;60137
369;Cole, Herbert M.;30430;40431;60138
370;Cory, Hans;30431;40432;0
371;Glaze, Anita;30432;40433;60139
372;Ardener, Shirly;30433;40434;60140
373;Twala, Regina;30434;40435;60141
374;Imperator, Pascal James;30435;40436;60142
375;Shamir, Marli;30436;40436;60142
376;Reichlin, Seth;30437;40437;0
377;Lomax, Alan;30438;40438;0
378;Paulay, Forrestine;30439;40438;0
379;Coote, Mary P.;30440;40439;60143
380;McLeod, Norma;30441;40440;60144
381;Herndon, Marcia;30442;40440;60144
382;Carlisle, Roxanne Connick;30443;40441;60145
383;Bandler, Jane;30444;40442;60146
384;Bandler, Donald;30445;40442;60146
385;Kooijman, Simon;30446;40443;60147
386;Etienne, Mona;30447;40444;60148
387;Bunzel, Ruth;30448;40445;0
388;O'Neale, Lila M.;30449;40446;60149
389;Shange, Ntosake;30450;40447;0
390;Rennie, Susan;30451;40448;60150
391;Grimstad, Kirsten;30452;40448;60150
392;Geertz, Clifford;30453;40449;60151
393;Kaufman, Georgia;30454;40450;0
394;Daly, Mary;30455;40451;0
395;Ruether, Rosemary;30456;40452;0
396;Kramer, Heinrich;30457;40453;0
397;Sprenger, Jacob;30458;40453;0
398;Gross, Rita M.;30459;40454;0
399;Chicago, Judy;30460;40455;0
400;Rich, Adrienne;30191;40456;0
401;Lederer, Wolfgang;30461;40457;0
402;no name;30462;40458;60153
403;Mellaart, James;30463;40459;0
404;MyOwn, Barbry;30464;40460;60154
405;Goldstein, Valerie S.;30465;40461;60155
406;Langley, Jeffrey;30466;40462;0
407;Near, Holly;30467;40462;0
408;Eliade, Mircea;30468;40463;0
409;Lippard, Lucy R.;30189;40464;60156
410;Gumpert, Margi;30469;40465;60157
411;Mountaingrove, Jean;30470;40466;60158
412;Mountaingrove, Ruth;30471;40467;
413;Culpepper, Emily;30472;40467;60159
414;Reed, Henry (Editor);30473;40468;0
415;Thompson, J. Eric;30474;40469;0
416;Daly, Mary;30455;40470;60160
417;Vogt, Evon;30475;40471;0
418;Tiger, Lionel;30476;40472;0
419;Paz, Octavio;30318;40473;60161
420;Schechner, Richard;30477;40474;0
421;Turner, Victor;30478;40475;0
422;Waters, Frank;30479;40476;0
423;Adams, Henry;30480;40477;0
424;Auropublications;30481;40478;0
425;Bord, Janet;30482;40479;0
426;Borst, Lyle B.;30483;40480;0
427;Borst, Barbara M.;30484;40480;0
428;Charpentier, Louis;30485;40481;0
429;Dames, Michael;30486;40482;0
430;Dames, Michael;30486;40483;0
431;Garlake, Peter;30487;40484;0
432;Gimbutas, Marija;30488;40485;0
433;Hawkes, Jaquetta;30489;40486;0
434;Jayne, Walter Addison;30490;40487;0
435;Kerenyi, C.;30491;40488;0
436;Kramer, Samuel Noah;30492;40489;0
437;Levy, Rachel;30493;40490;0
438;Love, Iris;30494;40491;0
439;MacQuitty, William;30495;40492;0
440;Marshack, William;30496;40493;0
441;Masuda, Tomoya;30497;40494;0
442;Mellaart, James;30498;40495;0
443;Mellaart, James;30498;40496;0
444;Michell, John;30499;40497;0
445;Michell, John;30499;40498;0
446;Mylonas, George;30500;40499;0
447;Norelli-Bachellet, Patrizia;30501;40500;0
448;Piggot, Stuart;30502;40501;0
449;Purce, Jill;30503;40502;0
450;Schwenk, Theodor;30504;40503;0
451;Scully, Vincent;30505;40504;0
452;Stone, Merlin;30506;40505;0
453;Underwood, Guy;30507;40506;0
454;von Cles-Reden, Sibylle;30508;40507;0
455;Witt, R. E.;30509;40508;0
456;Collins, Sheila D.;30510;40509;0
457;Davis, Elizabeth Gould;30511;40510;0
458;no name;30512;40511;0
459;Thompson, William Irvin;30513;40512;0
460;James, E. O.;30514;40513;0
461;Sayre, Anne;30515;40514;0
462;Ferguson, George;30516;40515;0
463;von Franz, Marie Louise;30517;40516;0
464;Toth, Max;30518;40517;0
465;Nielsen, Greg;30519;40517;0
466;no name;30520;40518;0
467;Purce, Jill;30503;40502;0
468;Wood, Ernest;30521;40520;0
469;no name;30522;40521;0
470;Graves, Robert;30523;40522;0
471;Varenne, Jean;30524;40523;0
472;no name;30525;40524;0
473;Graves, Robert;30523;40525;0
474;Balinsky, B. I.;30526;40526;0
475;Balls, M. (Editor);30527;40526;0
476;Wild, A. E. (Editor);30528;40527;0
477;Dobszhansky, Theodosius;30529;40528;0
478;Austin, C. R.;30530;40529;0
479;von Franz, Marie Louise;30517;40530;0
480;Eliade, Mircea;30468;40531;0
481;Eliade, Mircea;30468;40532;0
482;Eliade, Mircea;30468;40533;0
483;Chadwick, John;30531;40534;0
484;Layard, John;30532;40535;0
485;Johnson, Buffie;30533;40536;60162
486;Boyd, Tracy;30534;40536;60162
487;Neumann, Erich;30535;40537;0
488;Stevenson, Mrs. Sinclair;30536;40538;0
489;Budge, Sir E. A. Wallis;30537;40539;0
490;Harrison, Jane Ellen;30538;40540;0
491;Neumann, Erich;30535;40541;0
492;Budge, Sir E. A. Wallis;30537;40542;0
493;Barb, A. A.;30539;40543;60163
494;Budge, Sir E. A. Wallis;30537;40544;0
495;Budge, Sir E. A. Wallis;30537;40545;0
496;Campbell, Joseph;30540;40546;0
497;Trachtenbert, Joshua;30541;40547;0
498;de Gubernatis, Angelo;30542;40548;0
499;Jung, C. G.;30543;40549;0
500;Singer, June;30544;40550;0
501;Jacobi, Jolande;30545;40551;0
502;Lobell, Mimi;30546;40552;60164
503;no name;30547;40553;60165
504;Moon, Sheila;30548;40554;0
505;Henes, Donna;30549;40555;60162
506;Damon, Betsy;30550;40556;60119
507;Raven, Arlene;30551;40557;60166
508;Rennie, Susan;30552;40557;60166
509;Budnik, Dan;30553;40558;60167
510;Hewett, Edgar L.;30554;40559;0
511;Hibben, Frank C.;30555;40560;0
512;Jackson, J. B.;30556;40561;60168
513;Katchongva, Dan;30557;40562;0
514;Kubler, George;30398;40563;0
515;Nequatewa, Edmund;30557;40564;0
516;Scully, Vincent;30558;40565;0
517;Silverberg, Robert;30559;40566;0
518;Thompson, Laura;30560;40567;0
519;Thompson, Laura;30560;40568;0
520;Alice Joseph;30561;40568;0
521;U.S. Federal Trade Comission, Bureau of Competition;30562;40569;0
522;Hosken, Fran;30563;40570;60169
523;Barker-Benfield, G. J.;30564;40571;60170
524;Mode, Heinz;30565;40572;0
525;Ehrenfels, O. R.;30566;40573;0
526;Campbell, Joseph;30540;40574;0
527;Wheeler, Sir Mortimer;30567;40575;0
528;Bussagli, Mario (Editor);30568;40576;0
529;Thomas, P.;30569;40577;0
530;Kosambi, D.D.;30570;40578;0
531;Frazer, Sir James George;30571;40579;0
532;Bhattacharyya, N. N.;30572;40580;0
533;Hastings, James (Editor);30573;40581;0
534;Thompson, G.;30574;40582;0
535;Lacey, Louise;30575;40583;60154
536;Eliade, Mircea;30468;40584;0
537;Kosambi, D.D.;30570;40585;0
538;Thomas, Lowell;30576;40586;0
539;Radin, Paul;30577;40587;0
540;Ehrenreich, Barbara;30578;40588;0
541;English, Deirdre;30579;40588;0
542;Pommerenke, Millicent;30580;40589;0
543;Thomas, P.;30581;40590;0
544;Dikshit, S. K.;30582;40591;0
545;Mookerjee, Ajit;30583;40592;0
546;Goldberg, B.Z.;30584;40593;0
547;Briffault, Robert;30585;40594;0
548;Prof. Indra;30586;40595;0
549;Rawson, Philip;30587;40596;0
550;Thurston, Edgar;30588;40597;60171
551;Rangarchari, K.;30589;40597;60171
552;Risley, H. H.;30590;40598;60171
553;Hellman, Louise (Editor);30591;40599;0
554;Department of Social Welfare, Govt. of India;30592;40600;0
555;Verzin, J. A.;30593;40601;60172
556;Shandall, A. Abu el Futuh;30594;40602;60173
557;Lantier, Jaques;30595;40603;0
558;de Villeneuve, Annie;30596;40604;60174
559;Pieters, Guy;30597;40605;60175
560;Cook, R.;30598;40606;0
561;no name;30599;40607;0
562;Ogunmodede, Esther;30600;40608;60176
563;no name;30601;40609;60177
564;no name;30602;40610;60177
565;Hosken, Fran;30563;40611;60178
566;Huber, Alfons;30603;40612;60179
567;Longo, Lawrence D.;30604;40613;60180
568;Hosken, Fran;30563;40614;60181
569;Hosken, Fran;30563;40615;60182
570;Hansen, Henny Harald;30605;40616;Folk, Vol. 14-15
571;Hayes, Rose Oldfield;30606;40617;American Ethnologist, Vol. 2, No. 4
572;Taoko, Jean G.;30607;40618;Famille et Developpment
573;Russell, Diana E. H. (Editor);30608;40619;0
574;Van de Ven, Nicole (Editor);30609;40619;0
575;Gayle, Rubin;30278;40275;60027
576;Gough, Kathleen;30611;40621;60187
577;Sacks, Karen;30612;40622;60188
578;Rohrlich-Leavitt, Ruby;30613;40623;60189
579;Sykes, Barbara;30614;40623;60189
580;Weatherford, Elizabeth;30041;40623;60189
581;Leacock, Eleanor;30615;40624;60187
582;Murphy, Yolanda;30616;40625;0
583;Murphy, Robert;30617;40625;0
584;Desanti, Dominique;30618;40626;0
585;Viezzer, Moema (Editor);30619;40627;0
586;Hitler, Adolf;30620;40628;0
587;Noakes, Jeremy;30621;40629;0
588;Pridham, Geoffrey;30622;40629;0
589;Gilder, George;30623;40630;0
590;Goldberg, Steven;30624;40631;0
591;Wilson, Edward O.;30625;40632;0
592;Bullough, Vern L.;30626;40633;0
593;Masters, R.E.L.;30627;40634;0
594;Lea, Eduard;30628;40634;0
595;Kiefer Otto;30629;40635;0
596;Pomeroy, Sarah B.;30630;40636;0
597;Goodsell, Willystine;30631;40637;0
598;Westermark, Edward;30632;40638;0
599;Gordon, Linda;30633;40639;60188
600;Hunter, Allen;30634;40639;60188
601;Tangri, S. Schwartz;30635;40640;60066
602;Gordon, Linda;30633;40641;0
603;Bremner, W. J.;30636;40642;60189
604;Kretser, D. M.;30637;40642;60189
605;Sartwell, P. E.;30638;40643;60190
606;Tietze, C.;30639;40644;60191
607;Lewit, S.;30640;40644;60191
608;no name;30641;40645;60192
609;no name;30642;40646;60193
610;Mishell, D. R.;30643;40647;60194
611;no name;30644;40648;60195
612;no name;30645;40649;60196
613;Mass, Bonnie;30646;40650;0
614;Barclay, W.;30647;40651;60197
615;Enright, J.;30648;40651;60197
616;Reynold, R. T.;30649;40651;60197
617;Segal, B.;30650;40652;60198
618;Hamelstein, H.;30651;40652;60198
619;no name;30652;40653;60197
620;Centre for Economic & Social Information/OPI for the World Population Conference, United Nations;30653;40654;60198
621;Hardin, G.;30654;40655;60199
622;Wishik, S.;30655;40656;60200
623;Ad Hoc Women's Studies Committee Against Sterilization Abuse;30656;40657;60201
624;The Boston Women's Health Book Collective;30657;40658;0
625;Caress, Barbara;30658;40659;60201
626;Caress, Barbara;30658;40660;60202
627;Chase, Allen;30659;40661;0
628;Corea, Gena;30660;40662;60203
629;Kelly, Joan;30661;40663;60204
630;no name;30662;40664;0
631;Littlewood, Thomas;30663;40665;0
632;Rodriguez-Trias, Helen;30664;40666;60205
633;Seaman, Barbara;30665;40667;0
634;Seaman, Gideon;30666;40667;0
635;Andy, O. J.;30667;40668;60206
636;Vernon, Mark;30668;40669;60207
637;Sweet, W. H.;30669;40669;60207
638;Ervin, Frank;30670;40669;60207
639;Vernon, Mark;30668;40670;0
640;Ervin, Frank;30670;40670;0
641;Breggin, Peter;30671;40671;60208
642;Freeman, Walter;30672;40672;0
643;Heath, Robert G.;30673;40673;60209
644;Delgado, Jose;30674;40674;0
645;Waggoner, Karen;30675;40675;60210
646;McConell, James V.;30676;40676;60211
647;Gray, Camilla;30677;40677;0
648;Laing, R. D.;30698;40697;0
649;Frois, Marcel;30699;40698;0
650;Uzanne, Octave;30700;40699;0
651;Gonnard, Rene;30701;40700;0
652;Leroy-Beaulieu, Paul;30702;40701;0
653;Zeldin, Theodore;30703;40702;0
654;Cabanne, Pierre;30704;40703;0
655;Zola, Emile;30705;40704;0
656;Montorgueil, Georges;30706;40705;0
657;Zevaes, Alexandre;30707;40706;0
658;Hobsbawm, E. J.;30708;40707;0
659;Thomas, Edith;30126;40708;0
660;Williams, Raymond;30688;40709;0
661;Benjamin, Walter;30233;40710;60221
662;Sartre, Jean-Paul;30709;40711;0
663;Shier, Alan;30710;40712;0
664;Franklin, Bruce;30711;40713;0
665;Greenberg;30712;40714;60222
666;no name;30713;40715;60223
667;no name;30714;40716;60224
668;no name;30715;40717;60225
669;no name;30716;40718;60226
670;Simon, R.;30717;40719;0
671;Hartman, M.;30718;40720;0
672;Rasche;30719;40721;60227
673;Klein;30720;40722;60228
674;Adler, F.;30721;40723;0
675;Rottman;30722;40724;60229
676;Simon, R.;30717;40724;60229
677;Price;30723;40725;60230
678;DeFrancis;30724;40726;60231
679;Rush;30725;40727;60232
680;no name;30726;40728;60233
681;Brownmiller, S.;30727;40729;0
682;Queens Bench Foundation;30728;40730;0
683;St Louis Feminist Research Project;30729;40731;0
684;Kalven, H.;40734;40732;0
685;Zeisel, H.;40735;40732;0
686;MacDonald, J.;40736;40733;0
687;Langley, R.;30730;40737;0
688;Levy, R.;30731;40737;0
689;Lerner, Gerda;30732;40738;0
690;LaFave, W.;30733;40739;0
691;Scott, A.;30734;40739;0
692;Perkins, R.;30735;40740;0
693;Curtin, J.;30736;40741;0
694;Kates, D.;30737;40741;0
695;Babcock, B.;30738;40742;0
696;Freedman, A.;30739;40742;0
697;Norton, E.;30740;40742;0
698;Ross, S.;30741;40742;0
699;Bardwick J.;30742;40743;60234
700;Consentino;30743;40744;60234
701;Heilbrun;30744;40744;60234
702;Chesler, P.;30745;40745;0
703;Derosis, H.;30746;40746;0
704;Pellegrino, V.;30747;40746;0
705;no name;30748;40747;60235
706;no name;30749;40748;60236
707;Harris;30750;40749;60237
708;Walker;30751;40750;0
709;Wilding, Faith;30752;40751;0
710;Daly, Mary;30455;40752;0
711;Love, Barbara;30753;40753;60238
712;Shanklin, Elizabeth;30754;40753;60238
713;Slote, Jesse;30755;40753;60238
714;Spretnak, Charlene;30756;40754;0
715;Hall, Nor;30757;40755;0
716;Budapest, Zsuzsanna;30758;40756;0
717;Lorenzano, Neomi;30774;40773;0
718;Paz, Octavio;30318;40774;0
719;Ridell, A. S.;30775;40775;0
720;Gonzales, Sylvia;30776;40776;0
721;Sanchet-Vasquez, A.;30777;40777;0
722;Moreno, Dorinda;30778;40778;0
723;Astrov, Margot;30779;40779;0
724;Kavanaugh, Mary Oldham Eagle (Editor);30329;40780;0
725;Davis, Elizabeth Lindsay;30780;40781;0
726;U.S. Department of Commerce, Bureau of the Census;30781;40782;0
727;no name;30782;40783;0
728;Wallace, Phyllis A.;30783;40784;0
729;Chapin, David;30784;40785;0
730;National Science Foundation;30785;40786;0
731;Southern, Eileen;30786;40787;0
732;Hare, Maud Cuney;30787;40788;0
733;Work, John W.;30788;40789;0
734;Smith, Eleanor;30789;40790;0
735;Landeck, Beatrice;30790;40791;0
736;Jones, LeRoi;30791;40792;0
737;Johnson, James Weldon;30792;40793;0
738;Johnson, J. Rosamond;30793;40793;0
739;Allen, William F.;30794;40794;0
740;Ware, Charles P.;30795;40794;0
741;Garrison, Lucy M.;30796;40794;0
742;Hindeland, Michael J.;30797;40795;0
743;Dunn, Christopher S.;30798;40795;0
744;McGowan, Brenda;30799;40796;0
745;Blumenthal, Karen J.;30800;40796;0
746;Barron, M. L.;30801;40797;0
747;Conrat, Maisie;30802;40798;0
748;Conrat, Richard;30803;40798;0
749;Conroy, F. H.;30804;40799;0
750;Hosokawa, Bill;30805;40800;0
751;Houston, Jeanne Wakatsuki;30806;40801;0
752;Houston, James D.;30807;40801;0
753;Ichihashi, Yamato;30808;40802;0
754;Kitagawa, Daisuke;30809;40803;0
755;Kitano, Harry H. L.;30810;40804;0
756;Okimoto, Daniel I.;30811;40805;0
757;Okubo, Mine.;30812;40806;0
758;Stuart, I. R.;30813;40807;0
759;Weglyn, Michi.;30814;40808;0
760;no name;30815;40809;0
761;no name;30816;40810;0
762;no name;30817;40811;0
763;Bandura, Albert (Ed.);30818;40812;0
764;Carlyle, Thomas;30819;40813;0
765;Eisenstein, Zillah R. (Ed.);30820;40814;0
766;Emerson, R.;30821;40815;0
767;James, William;30822;40816;60248
768;Jacobs, Karen Folger;30823;40817;0
769;Klapp, Orin;30824;40818;0
770;Michels, Robert;30825;40819;0
771;Plekhanov, G. V.;30826;40820;0
772;Rosenberg, Philip;30827;40821;0
773;Ruddick, Sara;30828;40822;0
774;Daniels, Pamela;30829;40822;0
775;Wallace, Michele;30830;40823;0
776;Weinbaum, Batya;30831;40824;0
777;Van Allen, Judith;30832;40825;60249
778;Ifeka-Moller, Caroline;30833;40826;60140
779;Ritzenthaler, R.E.;30834;40827;60251
780;O'Barr, Jean;30835;40828;60250
781;Kimambo, I.N.;30836;40829;0
782;Urdang, Stephanie;30837;40830;0
783;Mathieu, Nicole-Claude;30838;40831;60252
784;Davidson, Basil;30839;40832;0
785;Ranger, T.O.;30840;40833;60253
786;Ranger, T.O.;30840;40834;60254
787;Labowitz, Leslie;30841;40835;60255
788;Lacy, Suzanne;30842;40835;60255
789;Lasch, Pat;30843;40836;0
790;Damon, Betsy;30550;40837;0
791;Hammond, Harmony;30366;40838;0
792;Stevens, May;30844;40839;0
793;Schapiro, Miriam;30845;40840;0
794;Guerreresi, Patricia;30846;40841;0
795;Smith, Mimi;30847;40842;0
796;Nordgren, Carol;30848;40843;0
797;Tardi, Carla;30849;40844;0
798;Sleigh, Sylvia;30850;40845;0
799;Applebroog, Ida;30851;40846;0
800;Bernstein, Shirley;30852;40847;0
801;Terronez, Irene B.;30853;40848;0
802;De Genevieve, Barbara;30854;40849;0
803;Ratcliff, Carter;30855;40850;0
804;Alloway, Lawrence;30856;40851;60256
805;Kuspit, Donald B.;30857;40852;60257
806;Zucker, Barbara;30858;40853;0
807;Kozloff, Joyce;30859;40854;0
808;Abrams, Jane;30860;40855;0
809;Lederman, Stephanie Brody;30861;40856;0
810;Levine, Marion Lerner;30862;40857;0
811;Cooling, Janet;30863;40858;0
812;Kornegger, Peggy;30875;40859;60258
813;Kornegger, Peggy;30875;40860;60259
814;The Journal Collective;30876;40861;60260
815;Shapiro, Lynne D.;30864;40862;0
816;Joan, Polly;30865;40863;0
817;Chesman, Andrea;30866;40863;0
818;Grimstad, Kirsten;30867;40864;0
819;Rennie, Susan;30868;40864;0
820;Grimstad, Kirsten;30867;40865;0
821;Rennie, Susan;30868;40866;60261
822;Riddle, Dorothy;30869;40867;60262
823;Hakim, Eleanor;30870;40868;60255
824;Morgan, Robin;30871;40869;0
825;Tanner, Leslie B, (Ed,);30872;40870;0
826;Stambler, Sookie (Ed.);30873;40871;0
827;Leffler, Ann;30874;40872;60263
828;Rich, Adrienne;30191;40873;60264
829;Rich, Adrienne;30191;40874;60265
830;Rich, Ruby B.;30249;40875;60267
831;Nemer, Cindy;30877;40876;60266
832;Lippard, Lucy R.;30189;40877;60267
833;Cixous, Helene;30878;40878;60267
834;Gledhill, Christine;30879;40879;60268
835;Love, Myra;30880;40880;60269
836;Heilbrun, Carolyn G.;30881;40881;0
837;no name;30882;40882;60270
838;Lerner, Gerda;30732;40883;60271
839;Pool, Jeannie G.;30883;40884;0
840;Nochlin, Linda;30308;40885;60272
841;Smith, Hilda;30884;40886;60271
842;Borroff, Edith;30885;40887;60273
843;Chicago, Judy;30460;40888;0
844;Bogin, Meg;30886;40889;0
845;Gordon, Anne;30887;40890;60271
846;Buhle, Mary Jo;30888;40890;60271
847;Dye, Nancy Schrom;30889;40890;60271
848;Olsen, Tillie;30890;40891;0
849;Arenal, Electra;30891;40892;60274
850;Drinker, Sophie;30892;40893;0
851;Quasten, Johannes;30893;40894;60275
852;Hettrick, Jane Shatkin;30894;40895;60276
853;Pagels, E. H.;30895;40896;60277
854;Pagels, E. H.;30895;40897;0
855;Migne;30896;40898;0
856;Pitra, Jean Baptiste (Ed.);30897;40899;0
857;Kaiser, Paulus (Ed.);30898;40900;0
858;Schmidt-Görg, Joseph;30899;40901;0
859;Barth, Pudentiana;30900;40901;0
860;Ritscher, M. Immaculata;30901;40901;0
861;Singer, Charles;30902;40902;60278
862;Gmelch;30903;40903;0
863;Böckeler, Maura;30904;40904;0
864;Schmidt-Görg, Joseph;30899;40905;60279
865;Ritscher, M. Immaculata;30901;40906;60280
866;Hamel, Peter Michael;30941;40942;
867;Jones, Robert;30942;40943;60289
868;Oliveros, Pauline;30943;40944;0
869;Oliveros, Pauline;30943;40945;0
870;Heline, Corinne;30944;40946;0
871;Keyes, Laurel Elizabeth;30945;40947;0
872;Schumann, Robert;30946;40948;0
873;Krebs, T. L.;30947;40949;60290
874;Hale, Philip;30948;40950;60291
875;Hale, Philip;30948;40951;60291
876;Bacewicz, Wanda;30949;40952;60292
877;Kisielewski, Stefan;30950;40953;60293
878;Kisielewski, Stefan;30950;40954;60294
879;Marek, Tadeusz;30951;40955;60295
880;Sierpinski, Zdzislaw;30952;40956;60296
881;Swolkien, Henryk;30953;40957;60297
882;Zielenski, Tadeusz A.;30954;40958;0
883;Gaume, Mary Matilda;30955;40959;0
884;Mead, Rita;30956;40960;0
885;no name;30957;40961;0
886;Seeger, Charles;30958;40962;60298
887;Cowell, Sidney Robertson;30959;40963;60299
888;Virgil Thomson;30960;40964;0
889;Sandburg, Carl;30983;40984;0
890;Lomax, John Avery (Ed.);30984;40985;0
891;Lomax, Alan;30438;40985;0
892;Thompson, Stith;30986;40986;0
893;Lomax, John Avery (Ed.);30984;40987;0
894;Korson, George;30987;40988;0
895;Lomax, John Avery (Ed.);30984;40989;0
896;Lomax, Alan;30438;40989;0
897;Botkin, Benjamin A.;30988;40990;0
898;Boggs, Edna Garrido;30989;40991;0
899;Seeger, Ruth Crawford;30990;40992;0
900;Seeger, Ruth Crawford;30990;40993;0
901;Seeger, Ruth Crawford;30990;40994;0
902;Brunvand, Jan Harold;30991;40995;0
903;Silverman, Jerry;30992;40996;0
904;Fowke, Edith (Ed.);30993;40997;0
905;Glazier, Joe;30994;40997;0
906;Lomax, John Avery (Ed.);30984;40998;0
907;Lomax, Alan;30438;40998;0
908;Child, Francis James;30995;40999;0
909;Cheney, Joyce;30996;41000;0
910;Deihl, Marcia;30997;41000;0
911;Silverstein, Deborah;30998;41000;0
912;Bronson, Bertrand Harris;30999;41001;0
913;Jasen, David A.;31000;41002;0
914;Tichenor, Trebor Jay;31001;41002;0
915;Morath, Max;31002;41003;0
916;Morath, Max;31002;41004;0
917;Blesh, Rudi;31003;41005;0
918;Janis, Harriet;31004;41005;0
919;Mead, Margaret;30084;41006;0
920;Millett, Kate;31005;41007;0
921;Weinman, Janice;31006;41008;60303
922;McAllester, David;31007;41009;60304
923;Andersen, Johannes C.;31008;41010;0
924;Gillis, Frank;31009;41011;0
925;Merriam, Alan P.;31010;41011;0
926;Lamphere, Louise;31011;41012;60305
927;Rosaldo, Michelle Zimbalist;30144;41013;60288
928;Hays, H. R.;31012;41014;0
929;Chodorow, Nancy;31013;41015;60272
930;Bamberger, Joan;31014;41016;60288
931;Mitchell, Juliet;30051;41017;0
932;Lomax, Alan;30438;41018;0
933;Gradenwitz, Peter;31015;41019;0
934;Lomax, Alan;30438;41020;0
935;Waterman, Richard A.;31016;41021;60304
936;Paul, Lois;31017;41022;60288
937;Hofmann, Charles;31018;41023;0
938;Slonimsky, Nicolas;31019;41024;0
939;Douglas, Ann;31020;41025;0
940;Hipsher, Edward, Ellsworth;31021;41026;0
941;Sonneck, Oscar;31022;41027;0
942;Howard, John Tasker;31023;41028;0
943;Ebel, Otto;31024;41029;0
944;James, Edward T.;31025;41030;0
945;Densmore, Frances;31026;41031;0
946;Ewen, David;31027;41032;0
947;Thompson, Oscar;31028;41033;0
948;Densmore, Frances;31026;41034;60306
949;Densmore, Frances;31026;41035;60307
950;Densmore, Frances;31026;41036;60308
951;Farrer, Claire R.;31029;41037;0
952;Frisbie, Charlotte Johnson;31030;41038;0
953;Frisbie, Charlotte Johnson;31030;41039;0
954;Goodman, Linda;31031;41040;0
955;Goodman, Linda;31031;41041;0
956;Halpern, Ida;31032;41042;60309
957;Kurath Gertrude P.;31033;41043;60310
958;Kurath Gertrude P.;31033;41044;60311
959;McLeod, Norma;30441;41045;60312
960;Roberts, Helen M.;31034;41046;60313
961;Mumford, Lewis;31051;41058;0
962;Marx, Karl;31052;41059;0
963;Engels, Friedrich;31053;41059;0
964;Lurcat, André;31054;41060;60317
965;Cassetti, Bruno;31055;41061;60318
966;Friend, Llena;31057;41068;60319
967;Garrison, George P.;31058;41069;60320
968;Gerry, Margarita Spalding;31059;41070;60321
969;Hayden, Dolores;30694;41071;0
970;Hinds, William Alfred;31060;41072;0
971;James, Eleanor;31061;41073;60322
972;Kent, Reverend Alexander;31062;41074;60323
973;Roth, Aline;31063;41075;60324
974;Temple Chamber of Commerce;31064;41076;0
975;Tyler, George W.;31065;41077;0
976;Kozloff, Joyce;30859;41078;60325
977;Jaudon, Valerie;31066;41078;60325
978;Weatherford, Elizabeth;30041;41079;60120
979;Dewhurst, C. Kurt;31067;41080;0
980;MacDowell, Betty;31068;41080;0
981;MacDowell, Marsha;31069;41080;0
982;Cooper, Patricia;31070;41081;0
983;Buford, Norma B.;31071;41081;0
984;Gordon, Beverly;31072;41082;60326
985;Patterson, Patricia;31073;41083;60325
986;Lippard, Lucy R.;30189;41084;60325
987;Hansen, Judith;31074;41085;60327
988;Hall, Edward T.;30089;41086;0
989;Gowans, Alan;31075;41087;60328
990;Boyd, E.;31076;41088;0
991;Han, Ts'ui-p'in;31077;41089;0
992;Li, Ch'ing-Chao;31078;41090;0
993;Sun, Tao-hsuan;31079;41089;0
994;Waley, Arthur;31080;41091;0
995;Watson, Burton;31082;41092;0
996;Li, Chi;31083;41093;60329
997;Swann, Nancy Lee;31084;41094;0
998;Levy, Howard;31085;41095;0
999;Rubbo, Anna;31086;41096;0
1000;Rubbo, Anna;31086;41097;60027
1001;Rubbo, Anna;31086;41098;60330
1002;Taussig, Michael;31087;41098;60330
1003;Rogers, Barbara;31088;41099;0
1004;Paley, Grace;31089;41100;60331
1005;Sexton, Anne;31090;41101;60332
1006;Handlin, David;31091;41102;60333
1007;Wright, Gwendolyn;31092;41103;60334
1008;Smith, Dorothy E.;31093;41104;60335
1009;de Bretteville, Sheila;31094;41105;60336
1010;Ehrenreich, Barbara;30578;41106;0
1011;English, Deirdre;30579;41106;0
1012;Wortman, Marlene Stern;31095;41107;60337
1013;Hayden, Dolores;30694;41108;60066
1014;Wright, Gwendolyn;31092;41108;60066
1015;Fisher, Dorothy Canfield;31096;41109;0
1016;Gilbert, Sandra;31097;41110;0
1017;Gubar, Susan;31098;41110;0
1018;Showalter, Elaine;31099;41111;0
1019;Juhasz, Suzanne;31100;41112;60338
1020;Lippard, Lucy R.;30189;41113;60339
1021;Torre, Susana;30097;41114;60339
1022;Stern, Elizabeth G.;31101;41115;0
1023;Kleinberg, Susan;31102;41116;60340
1024;Cowan, Ruth Schwarz;31103;41117;60341
1025;Seaton, Esta;31107;41118;60342
1026;Krasno, Francine;31108;41119;60343
1027;Marshall, Paula;31109;41120;0
1028;Yezierska, Anzia;31112;41121;60348
1029;Bannan, Helen M.;31110;41127;60345
1030;Mohr, Nicholasa;31111;41128;60346
1031;Yezierska, Anzia;31112;41129;0
1032;Yezierska, Anzia;31112;41130;60347
1033;Yezierska, Anzia;31112;41131;60348
1034;Petry, Ann;31113;41132;0
1035;Mohr, Nicholasa;31111;41133;60349
1036;Steir, Pat;31114;41134;60120
1037;Paley, Grace;31089;41136;60350
1038;Kingston, Maxine Hong;31115;41135;0
1039;Yezierska, Anzia;31112;41137;60348
1040;Woolf, Virginia;30199;41138;60351
1041;Walker, Alice;31116;41139;60352
1042;Brown, Rosellen;31117;41140;60353
1043;Braverman, Harry;31118;41141;0
1044;Greenbaum, Joan;31119;41142;0
1045;Hartmann, Heidi;31120;41143;0
1046;no name;31121;41144;0
1047;U.S. Bureau of the Census;31122;41145;0
1048;Bemis, Albert Farwell;31123;41146;0
1049;Hayden, Dolores;30694;41147;0
1050;Hayden, Dolores;30694;41148;60339
1051;U.S. Bureau of the Census;31122;41149;0
1052;Gray, Eileen;31124;41150;0
1053;Badovici, Jean;31125;41150;0
1054;Glaeser, Ludwig;31126;41151;0
1055;no name;31127;41152;0
1056;Wingler, Hans;31128;41153;0
1057;Zervos, Christian;31129;41154;0
1058;Johnson, Philip;31130;41155;60354
1059;Johnson, Philip;31130;41156;0
1060;Hitchcock, Henry Russell;31131;41156;0
1061;Cranz, Galen;31132;41157;60355
1062;Cranz, Galen;31132;41158;60356
1063;Newton, Norman T.;31133;41159;0
1064;Olmsted, Frederick Law;31134;41160;0
1065;Kimball, Theodora;31135;41160;0
1066;Rainwater, Clarence;31136;41161;0
1067;Hunt, Catherine Howland;31137;41162;0
1068;Masson, Georgina;31138;41163;0
1069;Bliss, Mildred;31139;41164;60357
1070;Wharton, Edith;31140;41165;0
1071;Jones, Beatrix;31141;41166;60358
1072;Gluck, Sherna (Ed.);31142;41167;0
1073;Flexner, Eleanor;31143;41168;0
1074;Croly, Jennie Cunningham;31144;41169;0
1075;Boutelle, Sarah Holmes;31145;41170;60359
1076;Lerner, Gerda;30732;41171;0
1077;Girouard, Mark;31146;41172;0
1078;Gilbert, Lucy;31147;41173;0
1079;Webster, Paula;31148;41173;0
1080;Gamberoff, Maria Moeller;31149;41174;0
1081;Torok, Maria;31150;41175;60360
1082;Cliff, Michelle;30062;41176;0
1083;no name;31151;41177;0
1084;Laner, Mary Riege;31152;41178;60361
1085;Laner, Roy H.;31153;41178;60361
1086;Freuh, Joanna;31154;41179;60362
1087;Duncan, Carol;31155;41180;0
1088;Lorde, Audre;31156;41181;60363
1089;Sieberling, Dorothy;31157;41182;60364
1090;Jones, Debbie;31158;41183;60119
1091;English, Deirdre;30579;41184;60365
1092;Carter, Angela;31159;41185;0
1093;Willis, Ellen;30241;41186;0
1094;Echewa, T. Obinkaram;31160;41187;60366
1095;Flowers, Yvonne;31161;41188;0
1096;Money, John;31162;41189;0
1097;Ehrhardt, Anke A.;31163;41189;0
1098;Kessler, Suzanne;31164;41190;0
1099;McKenna, Wendy;31165;41190;0
1100;Leibowitz, Lila;31166;41191;0
1101;Kettel, Bonnie;31167;41192;60367
1102;Kettel, David;31168;41192;60367
1103;Rapp, Rayna;31169;41193;60368
1104;Ross, Ellen;31170;41193;60368
1105;Newton, Esther;31171;41194;0
1106;Schachtel, Ernst;31172;41195;0
1107;Henry, Jules;31173;41196;0
1108;Chodorow, Nancy;31013;41197;0
1109;Wilson, Amrit;31174;41198;0
1110;Lorde, Audre;31156;41199;60369
1111;Herskovits, Melville;31175;41200;0
1112;Bohannan, Laura;31176;41201;60370
1113;Krige, Eileen Jensen;31177;41202;60371
1114;Obbo, Christine;31178;41203;60372
1115;Nobles, Wade;31179;41204;60373
1116;Rowbotham, Sheila;30050;41205;0
1117;Smith, Barbara;30121;41206;60374
1118;Cauthern, Cynthia R.;31180;41207;60375
1119;Cade, Toni;31181;41208;60376
1120;Smith, Barbara;30121;41209;60377
1121;Smith, Beverly;30122;41209;60377
1122;Bell, Alan P.;31182;41210;0
1123;Weinberg, Martin;31183;41210;0
1124;Morrison, Toni;30068;41211;0
1125;Morrison, Toni;30068;40068;0
1126;Hurston, Zora Neale;31184;41212;0
1127;Hurston, Zora Neale;31184;41213;0
1128;Walker, Alice;30067;41214;0
1129;Davis, Angela;30071;41215;0
1130;Davis, Angela;30071;41216;60378
1131;Bethel, Lorraine;31185;41217;60379
1132;Marshall, Stuart;31186;41218;60380
1133;Marshall, Stuart;31186;41219;60381
1134;Krauss, Rosalind;31187;41220;60380
1135;Rosler, Martha;31188;41221;60382
1136;Lasch, Christopher;31189;41222;0
1137;Sennett, Richard;31190;41223;0
1138;Schur, Edwin;31191;41224;0
1139;Hougan, Jim;31192;41225;0
1140;Wolfe, Tom;31193;41226;60383
1141;Engel, Stephanie;31194;41227;60384
1142;no name;31195;41228;0
1143;Kernberg, Otto;31196;41229;0
1144;Kohut, Heinz;31197;41230;0
1145;Satow, Roberta;31198;41231;60385
1146;Adorno, Theodor;31199;41232;60386
1147;Bartky, Sandra Lee;31200;41233;0
1148;Kovel, Joe;31201;41234;60387
1149;Ewen, Stuart;31202;41235;0
1150;Riddler, John;31203;41236;60388
1151;Rosler, Martha;31188;41237;0
1152;Mulvey, Laura;30283;40286;60389
1153;Hyam, Edward;31204;41238;0
1154;Bunch, Charlotte;30082;41239;60390
1155;Colwell, Thomas B. Jr.;31205;41240;60391
1156;Gorz, Andre;31206;41241;0
1157;Gray, Elizabeth Dodson;31207;41242;0
1158;Griffin, Susan;31208;41243;0
1159;Iglehart, Hallie;31209;41244;60392
1160;Leiss, William;31210;41245;0
1161;Rossi, Alice;31211;41246;60393
1162;Ruether, Rosemary;30456;41247;60394
1163;Starhawk;31212;41248;0
1164;Willis, Ellen;30241;41249;0
1165;Hartmann, Heidi;31120;41250;60395
1166;Scott, Hilda;31213;41251;0
1167;Ortner, Sherry;30012;41252;60288
1168;Merchant, Carolyn;31214;41253;0
1169;Rukeyser, Muriel;31215;41254;0
1170;Vesey-Fitzgerald, Brian;31216;41256;0
1171;Petulengro, Gipsy;31217;41257;0
1172;Love, Sam;31218;41258;0
1173;Obst, David;31219;41258;0
1174;Weiss, Elaine;31220;41259;0
1175;Cocheo, Steven;31221;41260;0
1176;Evens, Jon;31222;41261;0
1177;Barnouw, Victor;31223;41262;0
1178;Beals, Ralph L.;31224;41263;0
1179;Hoijer, Harry;31225;41263;0
1180;Beals, Alan R.;31226;41263;0
1181;Carneiro, Robert L.;31227;41264;60396
1182;Coe, Michael D.;31228;41265;0
1183;Driver, G. H.;31229;41266;0
1184;Miles, John C.;31230;41266;0
1185;Ember, Carol R.;31231;41267;0
1186;Ember, Melvin;31232;41267;0
1187;Erdheim, Mario;31233;41268;0
1188;Fernandez, J.;31234;41269;0
1189;Fish, T.;31235;41270;60397
1190;Hawkes, Jaquetta;30489;41271;60398
1191;Hoebel, E. Adamson;31236;41272;0
1192;Frost, Everett L.;31237;41272;0
1193;Jacobson, Thorkild;31238;41273;60399
1194;Jacobson, Thorkild;31238;41274;0
1195;Kramer, Samuel Noah;30492;41275;0
1196;Kramer, Samuel Noah;30492;41276;0
1197;Mason, Herbert;31239;41277;0
1198;Morgan, Lewis Henry;31240;41278;0
1199;Pelto, Gretel B.;31241;41279;0
1200;Pelto, P. J.;31242;41279;0
1201;Peterson, Frederick A.;31243;41280;0
1202;Phillips, P.;31244;41281;60400
1203;Reed, Charles A.;31245;41282;60401
1204;Rohrlich-Leavitt, Ruby;30613;41283;60402
1205;Roux, Georges;31246;41284;0
1206;Sahagun, B.;31247;41285;0
1207;Sanders, N. K.;31248;41286;0
1208;Sejourne, Laurette;31249;41287;0
1209;Seler, E.;31250;41288;0
1210;Soustelle, J.;31251;41289;0
1211;Thomson, George;31252;41290;0
1212;Vaillant, G. G.;31253;41291;0
1213;Woolley, C. Leonard;31254;41292;0
1214;Morgin, Robin;31255;41293;60403
1215;Bryant, Dorothy;31256;41294;0
1216;Piercy, Marge;31257;41295;0
1217;Staton, Mary;31258;41296;0
1218;Pearson, Carol;31259;41297;0
1219;Gilman, Charlotte Perkins;31260;41298;0
1220;Russ, Joanna;31261;41299;0
1221;Capra, Fritjof;31262;41300;
1222;Blauner, Robert;30022;40011;0
1223;Butler, Octavia;30023;40012;0
1224;Galeano, Eduardo;30024;40013;0
1225;Guillen, Nicolas;30025;40014;0
1226;Hooks, Bell;30026;40015;0
1227;Leon-Portilla, Miguel (Editor);30027;40016;0
1228;Rice, C. Duncan;30028;40017;0
1229;Tiger, Michael E. ;30029;40018;0
1230;Levy, Madeleine R. ;30065;40018;0
1231;Tuchman, Barbara;30030;40019;0
1232;Zinn, Howard;30031;40020;0
1233;Cliff, Michelle;30062;40061;0
1234;Nemiroff, Robert;30063;40063;0
1235;Smith, Lillian;30064;40064;0
1236;Steson, Erlene;30057;40057;60000
1237;Walker, Alice;30067;40067;60002
1238;Morrison, Toni;30068;40068;0
1239;Hemenway, Robert;30069;40069;0
1240;Hurst, Fannie;30070;40070;0
1241;Hooks, Bell;30026;40015;0
1242;Davis, Angela;30071;40071;60007
1243;Bradford, Sarah;30072;40072;0
1244;Hanaford, Phebe A. ;30073;40073;0
1245;Bennett, Sara;30074;40074;60011
1246;Gibbs, Joan;30075;40074;60011
1247;Tufts, Eleanor;30076;40075;0
1248;Bible;30077;40076;0
1249;Walker, Alice;30067;40077;60000
1250;Adams, Marie Jeane;30078;40078;60015
1251;Baxandall, Michael;30079;40079;0
1252;Bank, Mirra;30080;40080;0
1253;Saar, Betye;30081;40081;60017
1254;Rodríguez, María Crístina;30101;40102;60030
1255;Jorge, Angela;30102;40103;60031
1256;Meyer, Doris;30103;40104;0
1257;Olmos, Margarite Fernandez;30104;40104;0
1258;Maldonado-Denis, Manuel;30105;40105;0
1259;Moraga, Cherríe;30106;40106;0
1260;Anzaldúa, Gloria;30107;40106;0
1261;Barradas, Efraín;30108;40107;0
1262;Rodriguez, Rafael;30109;40107;0
1263;no name;30110;40108;0
1264;Algarín, Miguel;30111;40109;0
1265;Piñero, Miguel;30112;40109;0
1266;Lyon, Gracie;30113;40110;0
1267;no name;30114;40111;0
1268;Winter, Sara;30115;40112;60032
1269;no name;30116;40113;0
1270;Sherover-Marcuse, Ricky;30117;40114;0
1271;Somers, Bernard;30118;40115;60033
1272;Cross, Tia;30119;40116;60034
1273;Klein, Freada;30120;40116;60034
1274;Smith, Barbara;30121;40116;60034
1275;Smith, Beverly;30122;40116;60034
1276;Ledley, Ellen;30123;40117;0
1277;Moed, Lillian;30124;40117;0
1278;Willis, Ellen;30241;40240;60081
1279;Frith, Simon;30242;40241;0
1280;Willis, Ellen;30241;40242;60082
1281;Bogle, Donald;30243;40243;0
1282;Dandridge, Dorothy;30244;40244;0
1283;Conrad, Earl;30245;40244;0
1284;Mills, Earl;30246;40245;0
1285;Schiller, Herbert;30247;40246;0
1286;Smythe, Dallas;30248;40247;0
1287;Rich, Ruby B.;30249;40248;60083
1288;Koch, Gertrud;30250;40249;60084
1289;Sander, Helke;30251;40250;60084
1290;Bovenschen, Silvia;30252;40251;60085
1291;Bovenschen, Silvia;30252;40252;60086
1292;Prokop, Ulrike;30253;40253;0
1293;Kozarski, Richard;30254;40254;60087
1294;McDonald, Gerald D.;30255;40255;60088
1295;Carter, Alice;30256;40256;60089
1296;Weber, Lois;30257;40257;60090
1297;McGaw, Judith;30258;40258;60091
1298;Guy, Alice;30259;40259;60092
1299;no name;30268;40260;60093
1300;Peltret, Elizabeth;30260;40261;60094
1301;MacMahon, Henry;30261;40276;60097
1302;Johnson, L. H.;30262;40277;60094
1303;Dunning, Charles S.;30263;40278;60098
1304;Larkin, M. L.;30264;40279;60099
1305;Chic, Mlle.;30265;40280;60100
1306;Malverne, Pearl;30266;40281;60101
1307;Dyer, John Peter;30267;40282;60102
1308;Beckett, Samuel;30279;40283;0
1309;Penley, Constance;30280;40284;60103
1310;Noll Brinckmann, Christine;30281;40285;60104
1311;Weinbren, Grahame;30282;40285;60104
1312;Mulvey, Laura;30283;40286;60105
1313;Lowder, Rose;30284;40287;0
1314;Dulac, Germaine;30285;40288;60106
1315;Oakley, Ann;30286;40289;0
1316;Guy, Alice;30259;40290;0
1317;Guy, Alice;30259;40291;60092
1318;Dulac, Germaine;30285;40292;60106
1319;MacKintosh, Helen;30287;40293;0
1320;James, P. D.;30288;40294;0
1321;Stein, Gertrude;30289;40295;60107
1322;Kirby, Michael;30678;40678;60212
1323;Rainer, Yvonne;30679;40679;60213
1324;Schneemann, Carolee;30679;40680;0
1325;no name;30680;40681;60214
1326;no name;30681;40682;0
1327;no name;30682;40683;60215
1328;Lynd, Helen;30683;40684;0
1329;Lynd, Robert;30684;40684;0
1330;Venturi, Robert;30685;40685;0
1331;Scott Brown, Denise;30686;40685;0
1332;Izenour, Steven;30687;40685;0
1333;Williams, Raymond;30688;40686;0
1334;Gever, Martha;30689;40687;60216
1335;Modleski, Tania;30690;40688;0
1336;Browne, Nick;30691;40689;60217
1337;Lynd, Robert;30684;40690;60218
1338;Hanson, Alice C.;30692;40690;60218
1339;Montgomery, David;30693;40691;0
1340;Hayden, Dolores;30694;40692;60219
1341;Schwartz Cowan, Ruth;30695;40693;60220
1342;Schwartz Cowan, Ruth;30695;40694;0
1343;Winslow Taylor, Frederick;30696;40695;0
1344;Gilbreth, Lilian;30697;40696;0
1345;McHenry, Murphy;30758;40757;60239
1346;Association of National Advertisers;30759;40758;0
1347;Lowenthal, Leo;30760;40759;60240
1348;Barthes, Roland;30761;40760;0
1349;Bérubé, Alan;30762;40761;60241
1350;Archibald, Katherine;30763;40762;0
1351;Anderson, Karen;30764;40763;0
1352;Honey, Maureen;30765;40764;60242
1353;Hoare, Quintin;30766;40765;0
1354;Nowell-Smith, Geoffrey;30767;40765;0
1355;Dyer, Richard;30768;40766;60243
1356;Lake, Veronica;30769;40767;60244
1357;Radway, Janice;30770;40768;0
1358;Radway, Janice;30770;40769;60245
1359;Light, Alison;30771;40770;60246
1360;Rainwater, Lee;30772;40771;0
1361;Lovell, Terry;30773;40772;60247
1362;Lessing, Doris;30905;40907;0
1363;Greenham Women;30906;40908;0
1364;Harford, Barbara;30907;40909;0
1365;Hopkins, Sarah;30908;40909;0
1366;Greenham Women;30906;40910;60281
1367;Snitwo, Ann;30909;40911;60282
1368;Lynchecomb;30910;40912;0
1369;Kelly, Petra;30911;40913;0
1370;Lippard, Lucy R.;30189;40914;0
1371;Jones, Lynne;30912;40915;0
1372;Prigogine, ILya;30913;40916;0
1373;Stengers, Isabelle;30914;40916;0
1374;Woolf, Virginia;30199;40917;0
1375;Campbell, Beatric;30915;40918;0
1376;Whisker, Brenda;30916;40919;0
1377;Bishop, Jacky;30917;40919;0
1378;Mohin, Lilian;30918;40919;0
1379;Longdon, Trish;30919;40919;0
1380;Cook, Alice;30920;40920;0
1381;Kirk, Gwyn;30921;40920;0
1382;Wallgrove, Ruth;30922;40921;60283
1383;Chester, Gail;30923;40922;0
1384;De Beauvoir, Simone;30007;40033;0
1385;Schell, Jonathan;30924;40923;0
1386;Strange, Penny;30925;40924;0
1387;Atkinson, Rick;30926;40925;60284
1388;Mather, Ian;30927;40926;60285
1389;Redclift, Michael;30928;40927;0
1390;Greenham Women;30906;40908;0
1391;Arendt, Hannah;30196;40928;0
1392;Cambridge Women´s Peace Collective;30929;40929;0
1393;Percy, Charles;30930;40930;0
1394;Humphrey, Caroline;30931;40931;60286
1395;Yudkin, John;30932;40932;0
1396;Simoons, Frederick;30933;40933;0
1397;Levi-Strauus, Claude;30934;40934;0
1398;Douglas, Mary;30396;40935;0
1399;Douglas, Mary;30396;40936;0
1400;Harris, Marvin;30936;40937;0
1401;Harrington, Judith;30937;40938;60287
1402;O´Laughlin, Bridget;30938;40939;60288
1403;Schlegel, Alice;30939;40940;0
1404;Huston, Perdita;30940;40941;0
1405;Root, Waverly;30961;40965;0
1406;de Rochemont, Richard;30962;40965;0
1407;Leghorn, Lisa;30963;40966;0
1408;Roodkowsky, Mary;30964;40966;0
1409;Shearer, Lloyd;30965;40967;60300
1410;Baring-Gould, William;30966;40968;0
1411;Baring-Gould, Ceil;30967;40968;0
1412;Cady Stanton, Elizabeth;30968;40969;0
1413;Simoons, Frederick;30933;40933;0
1414;O´Laughlin, Bridget;30938;40970;60288
1415;Smith, Edward;30969;40971;0
1416;Pember Reaves, Maud;30970;40972;0
1417;Hamilton, Cicely;30971;40973;0
1418;Savitt, Todd L.;30972;40974;0
1419;Altschul, Aaron M.;30973;40975;0
1420;Hunscher, Helen;30974;40976;0
1421;Huyck, Margerita;30975;40976;0
1422;Berry, Rynn;30976;40977;0
1423;Douglas, Mary;30396;40978;60301
1424;Morgan, Marabel;30977;40979;0
1425;McCarthy, Mary;30978;40980;0
1426;Dobash, R. Emerson;30979;40981;0
1427;Dobash, Russell;30980;40981;0
1428;Pizey, Erin;30981;40982;0
1429;Whorton, James C.;30982;40983;60302
1430;no name;31035;41047;0
1431;Diamond, Stanley;31036;41048;0
1432;Gioseffi, Daniela;31037;41049;0
1433;Marglin, Frederique;31038;41050;0
1434;Gourlay, K. A.;31039;41051;60314
1435;Walker, Barbara;31040;41052;0
1436;Kimball, Gayle;31041;41053;0
1437;Yinger, J.M.;31042;41054;0
1438;Roseman, Marina;31043;41055;60315
1439;Feld, Stephen;31044;41056;60315
1440;Tatar, Elizabeth;31045;41057;0
1441;Hamel, Peter Michael;30941;40942;0
1442;Snow, Lois Wheeler;31046;41062;0
1443;Beldon, Jack;31047;41063;60316
1444;Macciochi, Maria;31048;41064;60316
1445;Pen, Chi;31049;41065;0
1446;Hunter, Iris;31050;41066;0
1447;Ebon, Martin;31056;41067;0
1448;Miller, Alice;31104;41122;0
1449;Ovid;30005;41123;0
1450;Hermann, Judith;31105;41124;0
1451;Rich, Adrienne;30191;41125;0
1452;Carmen, Elaine;31106;41126;60344
1453;Kirsteva, Julia;31263;41301;0
1454;Moi, Toril;31264;41302;0
1455;Irigary, Luce;31265;41303;60404
1456;Gilbert, Sandra;31097;41110;0
1457;Gubar, Susan;31098;41110;0
1458;Parker, Roszika;31266;41304;0
1459;Pollock, Griselda;31267;41304;0
1460;Irigary, Luce;31265;41305;0
1461;Schor, Naomi;31268;41306;0
1462;Heartney, Eleonore;31269;41307;0
1463;Ozick, Cynthia;31270;41308;0
1464;Kuspit, Donald B.;30857;41309;60405
1465;Chadwick, Whitney;31271;41310;0
1466;Ecker, Gisela;31272;41311;0
1467;Parker, Roszika;31266;41304;0
1468;Pollock, Griselda;31267;41304;0
1469;Weedon, Chris;31273;41312;0
1470;Moi, Toril;31264;41302;0
1471;Tickner, Lisa;31274;41313;0
1472;Tolstaya, Tatyana;31275;41314;60406
1473;Michgelsen, Pauline;31276;41315;60407
1474;Parker, Roszika;31266;41304;0
1475;Pollock, Griselda;31267;41304;0
1476;Pollock, Griselda;31267;41316;60408
1477;Alpern Engel, Barbara;31277;41317;0
1478;Goncharova, Natalya;31278;41318;60409
1479;Pollock, Griselda;31267;41319;0
1480;Vachtova, Ludmilla;31279;41320;60410
1481;Hilton, Alison;31280;41321;60411
1482;Sobko, N.P.;31281;41322;0
1483;Alchuk, Anna;31282;41323;60407
1484;du Plessix Gray, Francine;31283;41324;0
1485;Khanga, Yelena;31284;41325;60412
1486;Nochlin, Linda;30308;41326;60272
1487;Gimenez, Martha E.;31285;41327;60413
1488;no name;31286;41328;60414
1489;no name;31287;41329;60415
1490;no name;31288;41330;60416
1491;Thompson, Vincent Bakpetu;31289;41331;0
1492;Campbell, Mavis;31289;41332;0
1493;Price, Richard;31290;41333;0